<application>
  <component name="aws">
    <option name="promptedForTelemetry" value="true" />
  </component>
  <component name="executables">
    <option name="value">
      <list>
        <ExecutableState>
          <option name="autoResolved" value="true" />
          <option name="executablePath" value="/usr/local/bin/aws" />
          <option name="id" value="awsCli" />
          <option name="lastKnownFileTime" value="1609123223000" />
        </ExecutableState>
      </list>
    </option>
  </component>
</application>