<application>
  <component name="FileTypeManager" version="18">
    <extensionMap>
      <mapping pattern="matplotlibrc" type="AUTO_DETECTED" />
      <mapping pattern="__tests__" type="AUTO_DETECTED" />
      <mapping pattern="schema" type="JSON" />
      <mapping ext="space.kts" type="Kotlin" />
      <mapping ext="gradle.kts" type="Kotlin" />
      <mapping ext="main.kts" type="Kotlin" />
      <mapping pattern="lol" type="PLAIN_TEXT" />
      <mapping pattern=".swagger-codegen-ignore" type="PLAIN_TEXT" />
      <mapping pattern="types" type="PLAIN_TEXT" />
      <mapping pattern="MenuList" type="PLAIN_TEXT" />
      <mapping pattern=".swagger" type="PLAIN_TEXT" />
      <mapping pattern="Gateway_Dockerfile" type="PLAIN_TEXT" />
      <mapping ext="env" type="PLAIN_TEXT" />
      <mapping ext="test" type="PLAIN_TEXT" />
      <mapping ext="p12" type="PLAIN_TEXT" />
      <mapping ext="tsx1" type="TypeScript" />
      <removed_mapping ext="apk" approved="true" type="ARCHIVE" />
      <removed_mapping ext="csv" approved="true" type="CSV/TSV" />
      <removed_mapping ext="psd" approved="true" type="Image" />
      <removed_mapping ext="rs" approved="true" type="Rust" />
      <removed_mapping ext="tsv" approved="true" type="CSV/TSV" />
    </extensionMap>
  </component>
</application>