<application>
  <component name="FindSettings">
    <option name="customScope" value="All Places" />
    <option name="defaultScopeName" value="All Places" />
    <option name="SEARCH_SCOPE" value="All Places" />
    <mask>*.properties</mask>
    <mask>*.html</mask>
    <mask>*.jsp</mask>
    <mask>*.xml</mask>
    <mask>*.as</mask>
    <mask>*.css</mask>
    <mask>*.mxml</mask>
    <mask>*.ts</mask>
    <mask>*.tsx</mask>
    <mask>java</mask>
    <mask>*.ts*</mask>
    <mask>*Repository.java</mask>
    <mask>*Controller*</mask>
    <mask>*.jsx</mask>
    <mask>*.js</mask>
    <mask>*.java</mask>
    <mask>*.sql</mask>
  </component>
</application>