<application>
  <component name="JupyterPersistentConnectionParameters">
    <option name="knownRemoteServers">
      <list>
        <JupyterConnectionParameters>
          <option name="authType" value="notebook" />
          <option name="token" value="3d653819517f664320a766dd4d7a0138bf22bdf7ca331d5b" />
          <option name="urlString" value="http://localhost:8889/" />
          <authParams2>
            <map>
              <entry key="token" value="3d653819517f664320a766dd4d7a0138bf22bdf7ca331d5b" />
            </map>
          </authParams2>
        </JupyterConnectionParameters>
      </list>
    </option>
    <option name="moduleParameters">
      <map>
        <entry key="$USER_HOME$/projects/stocks/zipline/zipline.iml">
          <value>
            <JupyterConnectionParameters>
              <option name="managed" value="true" />
            </JupyterConnectionParameters>
          </value>
        </entry>
      </map>
    </option>
  </component>
</application>