<keymap version="1" name="Mac OS X copy" parent="Mac OS X">
  <action id="ActivateDatabaseToolWindow">
    <keyboard-shortcut first-keystroke="alt d" />
  </action>
  <action id="Back">
    <keyboard-shortcut first-keystroke="ctrl minus" />
    <keyboard-shortcut first-keystroke="f16" />
  </action>
  <action id="CloseContent">
    <keyboard-shortcut first-keystroke="meta f4" />
    <keyboard-shortcut first-keystroke="alt w" />
  </action>
  <action id="EditorCloneCaretAbove">
    <keyboard-shortcut first-keystroke="shift ctrl up" />
  </action>
  <action id="EditorCloneCaretBelow">
    <keyboard-shortcut first-keystroke="shift ctrl down" />
  </action>
  <action id="FindInPath">
    <keyboard-shortcut first-keystroke="shift meta f" />
  </action>
  <action id="Forward">
    <keyboard-shortcut first-keystroke="ctrl add" />
    <keyboard-shortcut first-keystroke="f17" />
  </action>
  <action id="Git.Pull">
    <keyboard-shortcut first-keystroke="ctrl alt p" />
  </action>
  <action id="Git.Rebase">
    <keyboard-shortcut first-keystroke="shift meta b" />
  </action>
  <action id="HippieBackwardCompletion" />
  <action id="HippieCompletion" />
  <action id="Javascript.Linters.EsLint.Fix">
    <keyboard-shortcut first-keystroke="meta alt l" />
  </action>
  <action id="NewFile">
    <keyboard-shortcut first-keystroke="ctrl meta n" />
  </action>
  <action id="ReformatCode">
    <keyboard-shortcut first-keystroke="alt l" />
  </action>
  <action id="ReformatWithPrettierAction" />
  <action id="Vcs.ReformatCommitMessage" />
  <action id="VcsShowNextChangeMarker">
    <keyboard-shortcut first-keystroke="f19" />
  </action>
  <action id="VcsShowPrevChangeMarker">
    <keyboard-shortcut first-keystroke="f18" />
  </action>
  <action id="android.deploy.ApplyChanges">
    <keyboard-shortcut first-keystroke="ctrl meta r" />
  </action>
  <action id="android.deploy.CodeSwap">
    <keyboard-shortcut first-keystroke="shift ctrl meta r" />
  </action>
  <action id="me.laria.code.idea_caseconv.CamelCaseAction">
    <keyboard-shortcut first-keystroke="shift meta alt 1" />
  </action>
  <action id="me.laria.code.idea_caseconv.PascalCaseAction">
    <keyboard-shortcut first-keystroke="shift meta alt 4" />
  </action>
  <action id="me.laria.code.idea_caseconv.ScreamingSnakeCaseAction">
    <keyboard-shortcut first-keystroke="shift meta alt 5" />
  </action>
  <action id="me.laria.code.idea_caseconv.SeparateWordsAction">
    <keyboard-shortcut first-keystroke="shift meta alt 3" />
  </action>
  <action id="me.laria.code.idea_caseconv.SnakeCaseAction">
    <keyboard-shortcut first-keystroke="shift meta alt 2" />
  </action>
  <action id="me.laria.code.idea_caseconv.TitleCaseAction">
    <keyboard-shortcut first-keystroke="shift meta alt 0" />
  </action>
</keymap>